"card_pt","audio_file"
"o nome próprio","o-nome-proprio.mp3"
"o apelido","o-apelido.mp3"
"o nome completo","o-nome-completo.mp3"
"a forma de tratamento","a-forma-de-tratamento.mp3"
"o senhor (Sr.)","o-senhor.mp3"
"a senhora (Sra.)","a-senhora.mp3"
"a dona (D.)","a-dona.mp3"
"o nome de parentesco","o-nome-de-parentesco.mp3"
"chamar-se","chamar-se.mp3"
"apresentar-se","apresentar-se.mp3"
"assinar","assinar.mp3"
"a assinatura","a-assinatura.mp3"
"o bilhete de identidade","o-bilhete-de-identidade.mp3"
"o cartão de cidadão","o-cartao-de-cidadao.mp3"
"o passaporte","o-passaporte.mp3"
"a carta de condução","a-carta-de-conducao.mp3"
"o diminutivo","o-diminutivo.mp3"
"o professor","o-professor.mp3"
"a professora","a-professora.mp3"
"o doutor (Dr.)","o-doutor.mp3"
"a doutora (Dra.)","a-doutora.mp3"
"o título académico","o-titulo-academico.mp3"
"apresentar","apresentar.mp3"
"o passe","o-passe.mp3"
"o cartão de estudante","o-cartao-de-estudante.mp3"
"a morada","a-morada.mp3"
"a rua","a-rua.mp3"
"a avenida","a-avenida.mp3"
"a praça","a-praca.mp3"
"a localidade","a-localidade.mp3"
"a cidade","a-cidade.mp3"
"o país","o-pais.mp3"
"a casa","a-casa.mp3"
"o apartamento","o-apartamento.mp3"
"o número da porta","o-numero-da-porta.mp3"
"o andar","o-andar.mp3"
"o código postal","o-codigo-postal.mp3"
"viver","viver.mp3"
"morar","morar.mp3"
"o número de telefone","o-numero-de-telefone.mp3"
"o telefone (tel.)","o-telefone.mp3"
"o telemóvel (tlm.)","o-telemovel.mp3"
"o fax","o-fax.mp3"
"telefonar","telefonar.mp3"
"ligar, chamar","ligar-chamar.mp3"
"o indicativo","o-indicativo.mp3"
"o endereço de email","o-endereco-de-email.mp3"
"o nome de utilizador","o-nome-de-utilizador.mp3"
"enviar","enviar.mp3"
"mandar","mandar.mp3"
"a mensagem","a-mensagem.mp3"
"o SMS","o-sms.mp3"
"a arroba (@)","a-arroba.mp3"
"o ponto (.)","o-ponto.mp3"
"a direção","a-direcao.mp3"
"o endereço","o-endereco.mp3"
"o largo","o-largo.mp3"
"a estrada","a-estrada.mp3"
"a praceta","a-praceta.mp3"
"a freguesia","a-freguesia.mp3"
"o concelho","o-concelho.mp3"
"o distrito","o-distrito.mp3"
"o rés do chão (r/c)","o-res-do-chao.mp3"
"a cave (cv)","a-cave.mp3"
"esquerdo (esq.)","esquerdo.mp3"
"direito (dto.)","direito.mp3"
"a frente (fte.)","a-frente.mp3"
"a casa própria","a-casa-propria.mp3"
"a casa alugada","a-casa-alugada.mp3"
"a casa arrendada","a-casa-arrendada.mp3"
"mudar de casa","mudar-de-casa.mp3"
"a página de internet","a-pagina-de-internet.mp3"
"o site de internet","o-site-de-internet.mp3"
"a data de nascimento","a-data-de-nascimento.mp3"
"o lugar de nascimento","o-lugar-de-nascimento.mp3"
"o dia","o-dia.mp3"
"o mês","o-mes.mp3"
"o ano","o-ano.mp3"
"nascer em","nascer-em.mp3"
"a idade","a-idade.mp3"
"a criança","a-crianca.mp3"
"o jovem","o-jovem.mp3"
"a jovem","a-jovem.mp3"
"o adulto","o-adulto.mp3"
"a adulta","a-adulta.mp3"
"o idoso","o-idoso.mp3"
"a idosa","a-idosa.mp3"
"ter X anos","ter-x-anos.mp3"
"o sexo","o-sexo.mp3"
"o género","o-genero.mp3"
"masculino, masculina","masculino-masculina.mp3"
"feminino, feminina","feminino-feminina.mp3"
"o homem","o-homem.mp3"
"a mulher","a-mulher.mp3"
"o rapaz","o-rapaz.mp3"
"a rapariga","a-rapariga.mp3"
"o menino","o-menino.mp3"
"a menina","a-menina.mp3"
"o estado civil","o-estado-civil.mp3"
"solteiro, solteira","solteiro-solteira.mp3"
"casado, casada","casado-casada.mp3"
"unido de facto, unida de facto","unido-de-facto-unida-de-facto.mp3"
"separado, separada","separado-separada.mp3"
"divorciado, divorciada","divorciado-divorciada.mp3"
"viúvo, viúva","viuvo-viuva.mp3"
"o marido","o-marido.mp3"
"o companheiro","o-companheiro.mp3"
"a companheira","a-companheira.mp3"
"o namorado","o-namorado.mp3"
"a namorada","a-namorada.mp3"
"a nacionalidade","a-nacionalidade.mp3"
"ser de","ser-de.mp3"
"português, portuguesa","portugues-portuguesa.mp3"
"inglês, inglesa","ingles-inglesa.mp3"
"estrangeiro, estrangeira","estrangeiro-estrangeira.mp3"
"o aniversário","o-aniversario.mp3"
"o dia de anos","o-dia-de-anos.mp3"
"fazer anos","fazer-anos.mp3"
"o bebé","o-bebe.mp3"
"o miúdo","o-miudo.mp3"
"a miúda","a-miuda.mp3"
"novo, nova","novo-nova.mp3"
"velho, velha","velho-velha.mp3"
"ser maior de idade","ser-maior-de-idade.mp3"
"heterossexual","heterossexual.mp3"
"homossexual","homossexual.mp3"
"bissexual","bissexual.mp3"
"transexual","transexual.mp3"
"o ex-marido","o-ex-marido.mp3"
"a ex-mulher","a-ex-mulher.mp3"
"casar-se","casar-se.mp3"
"separar-se","separar-se.mp3"
"divorciar-se","divorciar-se.mp3"
"juntar-se","juntar-se.mp3"
"namorar","namorar.mp3"
"ter nacionalidade","ter-nacionalidade.mp3"
"pedir nacionalidade","pedir-nacionalidade.mp3"
"ser natural de","ser-natural-de.mp3"
"o nível de ensino","o-nivel-de-ensino.mp3"
"o ensino básico","o-ensino-basico.mp3"
"o ensino secundário","o-ensino-secundario.mp3"
"o ensino universitário","o-ensino-universitario.mp3"
"o ensino superior","o-ensino-superior.mp3"
"o estabelecimento de ensino","o-estabelecimento-de-ensino.mp3"
"a escola","a-escola.mp3"
"a escola secundária","a-escola-secundaria.mp3"
"o instituto","o-instituto.mp3"
"a universidade","a-universidade.mp3"
"o grau académico","o-grau-academico.mp3"
"a licenciatura","a-licenciatura.mp3"
"estudar","estudar.mp3"
"aprender","aprender.mp3"
"tirar um curso","tirar-um-curso.mp3"
"tirar um grau académico","tirar-um-grau-academico.mp3"
"a disciplina","a-disciplina.mp3"
"a língua","a-lingua.mp3"
"falar","falar.mp3"
"escrever","escrever.mp3"
"saber","saber.mp3"
"conhecer","conhecer.mp3"
"o estudante","o-estudante.mp3"
"a estudante","a-estudante.mp3"
"a sala de aula","a-sala-de-aula.mp3"
"a aula","a-aula.mp3"
"a biblioteca","a-biblioteca.mp3"
"o horário","o-horario.mp3"
"o exame","o-exame.mp3"
"o colega","o-colega.mp3"
"a colega","a-colega.mp3"
"a turma","a-turma.mp3"
"andar em","andar-em.mp3"
"a escola de música","a-escola-de-musica.mp3"
"o colégio","o-colegio.mp3"
"a academia","a-academia.mp3"
"o mestrado","o-mestrado.mp3"
"o doutoramento","o-doutoramento.mp3"
"ter uma licenciatura","ter-uma-licenciatura.mp3"
"o programa","o-programa.mp3"
"a matrícula","a-matricula.mp3"
"o departamento","o-departamento.mp3"
"o grau de competência","o-grau-de-competencia.mp3"
"a fluência","a-fluencia.mp3"
"mau, má","mau-ma.mp3"
"suficiente","suficiente.mp3"
"bom, boa","bom-boa.mp3"
"muito bom, muito boa","muito-bom-muito-boa.mp3"
"a profissão","a-profissao.mp3"
"o trabalho","o-trabalho.mp3"
"o local de trabalho","o-local-de-trabalho.mp3"
"ser","ser.mp3"
"fazer","fazer.mp3"
"trabalhar em","trabalhar-em.mp3"
"a internet","a-internet.mp3"
"o computador","o-computador.mp3"
"o horário de trabalho","o-horario-de-trabalho.mp3"
"o escritório","o-escritorio.mp3"
"a fábrica","a-fabrica.mp3"
"o hospital","o-hospital.mp3"
"a entidade empregadora","a-entidade-empregadora.mp3"
"a empresa","a-empresa.mp3"
"a firma","a-firma.mp3"
"a instituição","a-instituicao.mp3"
"a organização","a-organizacao.mp3"
"ensinar","ensinar.mp3"
"comprar","comprar.mp3"
"trabalhar","trabalhar.mp3"
"montar","montar.mp3"
"ter um trabalho em","ter-um-trabalho-em.mp3"
"dedicar-se a","dedicar-se-a.mp3"
"a sala de reuniões","a-sala-de-reunioes.mp3"
"a secretária","a-secretaria.mp3"
"a mesa de reuniões","a-mesa-de-reunioes.mp3"
"a fotocopiadora","a-fotocopiadora.mp3"
"a impressora","a-impressora.mp3"
"tirar fotocópias","tirar-fotocopias.mp3"
"imprimir","imprimir.mp3"
"o negócio","o-negocio.mp3"
"o cliente","o-cliente.mp3"
"a cliente","a-cliente.mp3"
"ter uma reunião","ter-uma-reuniao.mp3"
"a reforma","a-reforma.mp3"
"a pensão","a-pensao.mp3"
"reformado, reformada","reformado-reformada.mp3"
"ter férias","ter-ferias.mp3"
"marcar férias","marcar-ferias.mp3"
"pedir férias","pedir-ferias.mp3"
"a família","a-familia.mp3"
"o pai","o-pai.mp3"
"a mãe","a-mae.mp3"
"o irmão","o-irmao.mp3"
"a irmã","a-irma.mp3"
"o filho","o-filho.mp3"
"a filha","a-filha.mp3"
"o avô","o-avo.mp3"
"a avó","a-avo.mp3"
"o primo","o-primo.mp3"
"a prima","a-prima.mp3"
"o tio","o-tio.mp3"
"a tia","a-tia.mp3"
"o neto","o-neto.mp3"
"a neta","a-neta.mp3"
"o cunhado","o-cunhado.mp3"
"a cunhada","a-cunhada.mp3"
"o sogro","o-sogro.mp3"
"a sogra","a-sogra.mp3"
"o genro","o-genro.mp3"
"a nora","a-nora.mp3"
"o noivo","o-noivo.mp3"
"a noiva","a-noiva.mp3"
"o filho único","o-filho-unico.mp3"
"a filha única","a-filha-unica.mp3"
"os irmãos gémeos","os-irmaos-gemeos.mp3"
"as irmãs gémeas","as-irmas-gemeas.mp3"
"viver juntos","viver-juntos.mp3"
"a religião","a-religiao.mp3"
"a filiação religiosa","a-filiacao-religiosa.mp3"
"cristão, cristã","cristao-crista.mp3"
"judeu, judia","judeu-judia.mp3"
"muçulmano, muçulmana","muculmano-muculmana.mp3"
"hindu","hindu.mp3"
"budista","budista.mp3"
"o deus","o-deus.mp3"
"os deuses","os-deuses.mp3"
"ateu, ateia","ateu-ateia.mp3"
"agnóstico, agnóstica","agnostico-agnostica.mp3"
"o cristianismo","o-cristianismo.mp3"
"o judaísmo","o-judaismo.mp3"
"o islamismo","o-islamismo.mp3"
"o hinduísmo","o-hinduismo.mp3"
"o budismo","o-budismo.mp3"
"a divindade","a-divindade.mp3"
"Deus","deus.mp3"
"Jeová","jeova.mp3"
"Alá","ala.mp3"
"o local de culto","o-local-de-culto.mp3"
"a igreja","a-igreja.mp3"
"a sinagoga","a-sinagoga.mp3"
"a mesquita","a-mesquita.mp3"
"o feriado religioso","o-feriado-religioso.mp3"
"o Natal","o-natal.mp3"
"o Ramadão","o-ramadao.mp3"
"o Sabat","o-sabat.mp3"
"crer em","crer-em.mp3"
"o ateísmo","o-ateismo.mp3"
"o agnosticismo","o-agnosticismo.mp3"
"alto, alta","alto-alta.mp3"
"baixo, baixa","baixo-baixa.mp3"
"magro, magra","magro-magra.mp3"
"gordo, gorda","gordo-gorda.mp3"
"moreno, morena","moreno-morena.mp3"
"louro, loura","louro-loura.mp3"
"bonito, bonita","bonito-bonita.mp3"
"feio, feia","feio-feia.mp3"
"ter o cabelo castanho","ter-o-cabelo-castanho.mp3"
"ter o cabelo louro","ter-o-cabelo-louro.mp3"
"ter o cabelo branco","ter-o-cabelo-branco.mp3"
"ter o cabelo ruivo","ter-o-cabelo-ruivo.mp3"
"ter olhos azuis","ter-olhos-azuis.mp3"
"ter olhos verdes","ter-olhos-verdes.mp3"
"ter olhos castanhos","ter-olhos-castanhos.mp3"
"ter olhos grandes","ter-olhos-grandes.mp3"
"ter olhos pequenos","ter-olhos-pequenos.mp3"
"simpático, simpática","simpatico-simpatica.mp3"
"antipático, antipática","antipatico-antipatica.mp3"
"interessante","interessante.mp3"
"alegre","alegre.mp3"
"agradável","agradavel.mp3"
"parecer","parecer.mp3"
"ser careca","ser-careca.mp3"
"ter o cabelo liso","ter-o-cabelo-liso.mp3"
"ter o cabelo ondulado","ter-o-cabelo-ondulado.mp3"
"ter o cabelo encaracolado","ter-o-cabelo-encaracolado.mp3"
"ter o cabelo comprido","ter-o-cabelo-comprido.mp3"
"ter o cabelo curto","ter-o-cabelo-curto.mp3"
"usar gorro","usar-gorro.mp3"
"usar chapéu","usar-chapeu.mp3"
"usar cachecol","usar-cachecol.mp3"
"usar luvas","usar-luvas.mp3"
"usar","usar.mp3"
"calçar","calcar.mp3"
"pentear-se","pentear-se.mp3"
"ter barba","ter-barba.mp3"
"ter bigode","ter-bigode.mp3"
"ter rabo de cavalo","ter-rabo-de-cavalo.mp3"
"ter franja","ter-franja.mp3"
"usar óculos","usar-oculos.mp3"
"medir","medir.mp3"
"pesar","pesar.mp3"
"a altura","a-altura.mp3"
"o peso","o-peso.mp3"
"amável","amavel.mp3"
"calmo, calma","calmo-calma.mp3"
"compreensivo, compreensiva","compreensivo-compreensiva.mp3"
"educado, educada","educado-educada.mp3"
"inteligente","inteligente.mp3"
"estúpido, estúpida","estupido-estupida.mp3"
"otimista","otimista.mp3"
"egoísta","egoista.mp3"
"o traço (-)","o-traco.mp3"
"francês, francesa","frances-francesa.mp3"
"suíço, suíça","suico-suica.mp3"
"espanhol, espanhola","espanhol-espanhola.mp3"
"belga","belga.mp3"
